Year,EventName,Country,Location,StartTime,lat,lon,wet_at_start_confirmed
2018,Australian Grand Prix,Australia,Melbourne,2018-03-25 05:10:00+00:00,-37.846,144.97,False
2018,Bahrain Grand Prix,Bahrain,Sakhir,2018-04-08 15:10:00+00:00,26.031,50.512,False
2018,Chinese Grand Prix,China,Shanghai,2018-04-15 06:10:00+00:00,31.34,121.221,False
2018,Azerbaijan Grand Prix,Azerbaijan,Baku,2018-04-29 12:10:00+00:00,40.369,49.842,False
2018,Spanish Grand Prix,Spain,Barcelona,2018-05-13 13:10:00+00:00,41.569,2.259,False
2018,Monaco Grand Prix,Monaco,Monaco,2018-05-27 13:10:00+00:00,43.737,7.429,False
2018,Canadian Grand Prix,Canada,Montréal,2018-06-10 18:10:00+00:00,45.506,-73.525,False
2018,French Grand Prix,France,Le Castellet,2018-06-24 14:10:00+00:00,43.253,5.791,False
2018,Austrian Grand Prix,Austria,Spielberg,2018-07-01 13:10:00+00:00,47.223,14.761,False
2018,British Grand Prix,Great Britain,Silverstone,2018-07-08 13:10:00+00:00,52.072,-1.017,False
2018,German Grand Prix,Germany,Hockenheim,2018-07-22 13:10:00+00:00,49.33,8.572,False
2018,Hungarian Grand Prix,Hungary,Budapest,2018-07-29 13:10:00+00:00,47.583,19.25,False
2018,Belgian Grand Prix,Belgium,Spa-Francorchamps,2018-08-26 13:10:00+00:00,50.436,5.971,False
2018,Italian Grand Prix,Italy,Monza,2018-09-02 13:10:00+00:00,45.621,9.29,False
2018,Singapore Grand Prix,Singapore,Singapore,2018-09-16 12:10:00+00:00,1.291,103.859,False
2018,Russian Grand Prix,Russia,Sochi,2018-09-30 11:10:00+00:00,43.407,39.96,False
2018,Japanese Grand Prix,Japan,Suzuka,2018-10-07 05:10:00+00:00,34.844,136.534,False
2018,United States Grand Prix,United States,Austin,2018-10-21 18:10:00+00:00,30.135,-97.633,False
2018,Mexican Grand Prix,Mexico,Mexico City,2018-10-28 19:10:00+00:00,19.402,-99.091,False
2018,Brazilian Grand Prix,Brazil,São Paulo,2018-11-11 17:10:00+00:00,-23.702,-46.698,False
2018,Abu Dhabi Grand Prix,United Arab Emirates,Yas Marina,2018-11-25 13:10:00+00:00,24.471,54.601,False
2019,Australian Grand Prix,Australia,Melbourne,2019-03-17 05:10:00+00:00,-37.846,144.97,False
2019,Bahrain Grand Prix,Bahrain,Sakhir,2019-03-31 15:10:00+00:00,26.031,50.512,False
2019,Chinese Grand Prix,China,Shanghai,2019-04-14 06:10:00+00:00,31.34,121.221,False
2019,Azerbaijan Grand Prix,Azerbaijan,Baku,2019-04-28 12:10:00+00:00,40.369,49.842,False
2019,Spanish Grand Prix,Spain,Barcelona,2019-05-12 13:10:00+00:00,41.569,2.259,False
2019,Monaco Grand Prix,Monaco,Monaco,2019-05-26 13:10:00+00:00,43.737,7.429,False
2019,Canadian Grand Prix,Canada,Montréal,2019-06-09 18:10:00+00:00,45.506,-73.525,False
2019,French Grand Prix,France,Le Castellet,2019-06-23 13:10:00+00:00,43.253,5.791,False
2019,Austrian Grand Prix,Austria,Spielberg,2019-06-30 13:10:00+00:00,47.223,14.761,False
2019,British Grand Prix,Great Britain,Silverstone,2019-07-14 13:10:00+00:00,52.072,-1.017,False
2019,German Grand Prix,Germany,Hockenheim,2019-07-28 13:10:00+00:00,49.33,8.572,True
2019,Hungarian Grand Prix,Hungary,Budapest,2019-08-04 13:10:00+00:00,47.583,19.25,False
2019,Belgian Grand Prix,Belgium,Spa-Francorchamps,2019-09-01 13:10:00+00:00,50.436,5.971,False
2019,Italian Grand Prix,Italy,Monza,2019-09-08 13:10:00+00:00,45.621,9.29,False
2019,Singapore Grand Prix,Singapore,Singapore,2019-09-22 12:10:00+00:00,1.291,103.859,False
2019,Russian Grand Prix,Russia,Sochi,2019-09-29 11:10:00+00:00,43.407,39.96,False
2019,Japanese Grand Prix,Japan,Suzuka,2019-10-13 05:10:00+00:00,34.844,136.534,False
2019,Mexican Grand Prix,Mexico,Mexico City,2019-10-27 19:10:00+00:00,19.402,-99.091,False
2019,United States Grand Prix,United States,Austin,2019-11-03 19:10:00+00:00,30.135,-97.633,False
2019,Brazilian Grand Prix,Brazil,São Paulo,2019-11-17 17:10:00+00:00,-23.702,-46.698,False
2019,Abu Dhabi Grand Prix,Abu Dhabi,Yas Marina,2019-12-01 13:10:00+00:00,24.471,54.601,False
2020,Austrian Grand Prix,Austria,Spielberg,2020-07-05 13:10:00+00:00,47.223,14.761,False
2020,Styrian Grand Prix,Austria,Spielberg,2020-07-12 13:10:00+00:00,47.223,14.761,False
2020,Hungarian Grand Prix,Hungary,Budapest,2020-07-19 13:10:00+00:00,47.583,19.25,True
2020,British Grand Prix,Great Britain,Silverstone,2020-08-02 13:10:00+00:00,52.072,-1.017,False
2020,70th Anniversary Grand Prix,Great Britain,Silverstone,2020-08-09 13:10:00+00:00,52.072,-1.017,False
2020,Spanish Grand Prix,Spain,Barcelona,2020-08-16 13:10:00+00:00,41.569,2.259,False
2020,Belgian Grand Prix,Belgium,Spa-Francorchamps,2020-08-30 13:10:00+00:00,50.436,5.971,False
2020,Italian Grand Prix,Italy,Monza,2020-09-06 13:10:00+00:00,45.621,9.29,False
2020,Tuscan Grand Prix,Italy,Mugello,2020-09-13 13:10:00+00:00,43.998,11.372,False
2020,Russian Grand Prix,Russia,Sochi,2020-09-27 11:10:00+00:00,43.407,39.96,False
2020,Eifel Grand Prix,Germany,Nürburgring,2020-10-11 12:10:00+00:00,50.334,6.943,False
2020,Portuguese Grand Prix,Portugal,Portimão,2020-10-25 13:10:00+00:00,37.232,-8.628,False
2020,Emilia Romagna Grand Prix,Italy,Imola,2020-11-01 12:10:00+00:00,44.341,11.713,False
2020,Turkish Grand Prix,Turkey,Istanbul,2020-11-15 10:10:00+00:00,40.958,29.412,True
2020,Bahrain Grand Prix,Bahrain,Sakhir,2020-11-29 14:10:00+00:00,26.031,50.512,False
2020,Sakhir Grand Prix,Bahrain,Sakhir,2020-12-06 17:10:00+00:00,26.031,50.512,False
2020,Abu Dhabi Grand Prix,Abu Dhabi,Yas Marina,2020-12-13 13:10:00+00:00,24.471,54.601,False
2021,Bahrain Grand Prix,Bahrain,Sakhir,2021-03-28 15:00:00+00:00,26.031,50.512,False
2021,Emilia Romagna Grand Prix,Italy,Imola,2021-04-18 13:00:00+00:00,44.341,11.713,True
2021,Portuguese Grand Prix,Portugal,Portimão,2021-05-02 14:00:00+00:00,37.232,-8.628,False
2021,Spanish Grand Prix,Spain,Barcelona,2021-05-09 13:00:00+00:00,41.569,2.259,False
2021,Monaco Grand Prix,Monaco,Monaco,2021-05-23 13:00:00+00:00,43.737,7.429,False
2021,Azerbaijan Grand Prix,Azerbaijan,Baku,2021-06-06 12:00:00+00:00,40.369,49.842,False
2021,French Grand Prix,France,Le Castellet,2021-06-20 13:00:00+00:00,43.253,5.791,False
2021,Styrian Grand Prix,Austria,Spielberg,2021-06-27 13:00:00+00:00,47.223,14.761,False
2021,Austrian Grand Prix,Austria,Spielberg,2021-07-04 13:00:00+00:00,47.223,14.761,False
2021,British Grand Prix,Great Britain,Silverstone,2021-07-18 14:00:00+00:00,52.072,-1.017,False
2021,Hungarian Grand Prix,Hungary,Budapest,2021-08-01 13:00:00+00:00,47.583,19.25,True
2021,Belgian Grand Prix,Belgium,Spa-Francorchamps,2021-08-29 13:00:00+00:00,50.436,5.971,True
2021,Dutch Grand Prix,Netherlands,Zandvoort,2021-09-05 13:00:00+00:00,52.389,4.541,False
2021,Italian Grand Prix,Italy,Monza,2021-09-12 13:00:00+00:00,45.621,9.29,False
2021,Russian Grand Prix,Russia,Sochi,2021-09-26 12:00:00+00:00,43.407,39.96,False
2021,Turkish Grand Prix,Turkey,Istanbul,2021-10-10 12:00:00+00:00,40.958,29.412,True
2021,United States Grand Prix,United States,Austin,2021-10-24 19:00:00+00:00,30.135,-97.633,False
2021,Mexico City Grand Prix,Mexico,Mexico City,2021-11-07 19:00:00+00:00,19.402,-99.091,False
2021,São Paulo Grand Prix,Brazil,São Paulo,2021-11-14 17:00:00+00:00,-23.702,-46.698,False
2021,Qatar Grand Prix,Qatar,Lusail,2021-11-21 14:00:00+00:00,25.49,51.454,False
2021,Saudi Arabian Grand Prix,Saudi Arabia,Jeddah,2021-12-05 17:30:00+00:00,21.632,39.104,False
2021,Abu Dhabi Grand Prix,Abu Dhabi,Yas Marina,2021-12-12 13:00:00+00:00,24.471,54.601,False
2022,Bahrain Grand Prix,Bahrain,Sakhir,2022-03-20 15:00:00+00:00,26.031,50.512,False
2022,Saudi Arabian Grand Prix,Saudi Arabia,Jeddah,2022-03-27 17:00:00+00:00,21.632,39.104,False
2022,Australian Grand Prix,Australia,Melbourne,2022-04-10 05:00:00+00:00,-37.846,144.97,False
2022,Emilia Romagna Grand Prix,Italy,Imola,2022-04-24 13:00:00+00:00,44.341,11.713,True
2022,Miami Grand Prix,United States,Miami,2022-05-08 19:30:00+00:00,25.958,-80.239,False
2022,Spanish Grand Prix,Spain,Barcelona,2022-05-22 13:00:00+00:00,41.569,2.259,False
2022,Monaco Grand Prix,Monaco,Monaco,2022-05-29 13:00:00+00:00,43.737,7.429,True
2022,Azerbaijan Grand Prix,Azerbaijan,Baku,2022-06-12 11:00:00+00:00,40.369,49.842,False
2022,Canadian Grand Prix,Canada,Montréal,2022-06-19 18:00:00+00:00,45.506,-73.525,False
2022,British Grand Prix,Great Britain,Silverstone,2022-07-03 14:00:00+00:00,52.072,-1.017,False
2022,Austrian Grand Prix,Austria,Spielberg,2022-07-10 13:00:00+00:00,47.223,14.761,False
2022,French Grand Prix,France,Le Castellet,2022-07-24 13:00:00+00:00,43.253,5.791,False
2022,Hungarian Grand Prix,Hungary,Budapest,2022-07-31 13:00:00+00:00,47.583,19.25,False
2022,Belgian Grand Prix,Belgium,Spa-Francorchamps,2022-08-28 13:00:00+00:00,50.436,5.971,False
2022,Dutch Grand Prix,Netherlands,Zandvoort,2022-09-04 13:00:00+00:00,52.389,4.541,False
2022,Italian Grand Prix,Italy,Monza,2022-09-11 13:00:00+00:00,45.621,9.29,False
2022,Singapore Grand Prix,Singapore,Singapore,2022-10-02 12:00:00+00:00,1.291,103.859,True
2022,Japanese Grand Prix,Japan,Suzuka,2022-10-09 05:00:00+00:00,34.844,136.534,True
2022,United States Grand Prix,United States,Austin,2022-10-23 19:00:00+00:00,30.135,-97.633,False
2022,Mexico City Grand Prix,Mexico,Mexico City,2022-10-30 20:00:00+00:00,19.402,-99.091,False
2022,São Paulo Grand Prix,Brazil,São Paulo,2022-11-13 18:00:00+00:00,-23.702,-46.698,False
2022,Abu Dhabi Grand Prix,Abu Dhabi,Yas Marina,2022-11-20 13:00:00+00:00,24.471,54.601,False
2023,Bahrain Grand Prix,Bahrain,Sakhir,2023-03-05 15:00:00+00:00,26.031,50.512,False
2023,Saudi Arabian Grand Prix,Saudi Arabia,Jeddah,2023-03-19 17:00:00+00:00,21.632,39.104,False
2023,Australian Grand Prix,Australia,Melbourne,2023-04-02 05:00:00+00:00,-37.846,144.97,False
2023,Azerbaijan Grand Prix,Azerbaijan,Baku,2023-04-30 11:00:00+00:00,40.369,49.842,False
2023,Miami Grand Prix,United States,Miami,2023-05-07 19:30:00+00:00,25.958,-80.239,False
2023,Monaco Grand Prix,Monaco,Monaco,2023-05-28 13:00:00+00:00,43.737,7.429,False
2023,Spanish Grand Prix,Spain,Barcelona,2023-06-04 13:00:00+00:00,41.569,2.259,False
2023,Canadian Grand Prix,Canada,Montréal,2023-06-18 18:00:00+00:00,45.506,-73.525,False
2023,Austrian Grand Prix,Austria,Spielberg,2023-07-02 13:00:00+00:00,47.223,14.761,False
2023,British Grand Prix,Great Britain,Silverstone,2023-07-09 14:00:00+00:00,52.072,-1.017,False
2023,Hungarian Grand Prix,Hungary,Budapest,2023-07-23 13:00:00+00:00,47.583,19.25,False
2023,Belgian Grand Prix,Belgium,Spa-Francorchamps,2023-07-30 13:00:00+00:00,50.436,5.971,False
2023,Dutch Grand Prix,Netherlands,Zandvoort,2023-08-27 13:00:00+00:00,52.389,4.541,False
2023,Italian Grand Prix,Italy,Monza,2023-09-03 13:00:00+00:00,45.621,9.29,False
2023,Singapore Grand Prix,Singapore,Singapore,2023-09-17 12:00:00+00:00,1.291,103.859,False
2023,Japanese Grand Prix,Japan,Suzuka,2023-09-24 05:00:00+00:00,34.844,136.534,False
2023,Qatar Grand Prix,Qatar,Lusail,2023-10-08 17:00:00+00:00,25.49,51.454,False
2023,United States Grand Prix,United States,Austin,2023-10-22 19:00:00+00:00,30.135,-97.633,False
2023,Mexico City Grand Prix,Mexico,Mexico City,2023-10-29 20:00:00+00:00,19.402,-99.091,False
2023,São Paulo Grand Prix,Brazil,São Paulo,2023-11-05 17:00:00+00:00,-23.702,-46.698,False
2023,Las Vegas Grand Prix,United States,Las Vegas,2023-11-19 06:00:00+00:00,36.116,-115.168,False
2023,Abu Dhabi Grand Prix,Abu Dhabi,Yas Marina,2023-11-26 13:00:00+00:00,24.471,54.601,False
2024,Bahrain Grand Prix,Bahrain,Sakhir,2024-03-02 15:00:00+00:00,26.031,50.512,False
2024,Saudi Arabian Grand Prix,Saudi Arabia,Jeddah,2024-03-09 17:00:00+00:00,21.632,39.104,False
2024,Australian Grand Prix,Australia,Melbourne,2024-03-24 04:00:00+00:00,-37.846,144.97,False
2024,Japanese Grand Prix,Japan,Suzuka,2024-04-07 05:00:00+00:00,34.844,136.534,False
2024,Chinese Grand Prix,China,Shanghai,2024-04-21 07:00:00+00:00,31.34,121.221,False
2024,Miami Grand Prix,United States,Miami,2024-05-05 20:00:00+00:00,25.958,-80.239,False
2024,Emilia Romagna Grand Prix,Italy,Imola,2024-05-19 13:00:00+00:00,44.341,11.713,False
2024,Monaco Grand Prix,Monaco,Monaco,2024-05-26 13:00:00+00:00,43.737,7.429,False
2024,Canadian Grand Prix,Canada,Montréal,2024-06-09 18:00:00+00:00,45.506,-73.525,True
2024,Spanish Grand Prix,Spain,Barcelona,2024-06-23 13:00:00+00:00,41.569,2.259,False
2024,Austrian Grand Prix,Austria,Spielberg,2024-06-30 13:00:00+00:00,47.223,14.761,False
2024,British Grand Prix,United Kingdom,Silverstone,2024-07-07 14:00:00+00:00,52.072,-1.017,False
2024,Hungarian Grand Prix,Hungary,Budapest,2024-07-21 13:00:00+00:00,47.583,19.25,False
2024,Belgian Grand Prix,Belgium,Spa-Francorchamps,2024-07-28 13:00:00+00:00,50.436,5.971,False
2024,Dutch Grand Prix,Netherlands,Zandvoort,2024-08-25 13:00:00+00:00,52.389,4.541,False
2024,Italian Grand Prix,Italy,Monza,2024-09-01 13:00:00+00:00,45.621,9.29,False
2024,Azerbaijan Grand Prix,Azerbaijan,Baku,2024-09-15 11:00:00+00:00,40.369,49.842,False
2024,Singapore Grand Prix,Singapore,Singapore,2024-09-22 12:00:00+00:00,1.291,103.859,False
2024,United States Grand Prix,United States,Austin,2024-10-20 19:00:00+00:00,30.135,-97.633,False
2024,Mexico City Grand Prix,Mexico,Mexico City,2024-10-27 20:00:00+00:00,19.402,-99.091,False
2024,São Paulo Grand Prix,Brazil,São Paulo,2024-11-03 15:30:00+00:00,-23.702,-46.698,True
2024,Las Vegas Grand Prix,United States,Las Vegas,2024-11-24 06:00:00+00:00,36.116,-115.168,False
2024,Qatar Grand Prix,Qatar,Lusail,2024-12-01 16:00:00+00:00,25.49,51.454,False
2024,Abu Dhabi Grand Prix,United Arab Emirates,Yas Marina,2024-12-08 13:00:00+00:00,24.471,54.601,False
2025,Australian Grand Prix,Australia,Melbourne,2025-03-16 04:00:00+00:00,-37.846,144.97,True
2025,Chinese Grand Prix,China,Shanghai,2025-03-23 07:00:00+00:00,31.34,121.221,False
2025,Japanese Grand Prix,Japan,Suzuka,2025-04-06 05:00:00+00:00,34.844,136.534,False
2025,Bahrain Grand Prix,Bahrain,Sakhir,2025-04-13 15:00:00+00:00,26.031,50.512,False
2025,Saudi Arabian Grand Prix,Saudi Arabia,Jeddah,2025-04-20 17:00:00+00:00,21.632,39.104,False
2025,Miami Grand Prix,United States,Miami,2025-05-04 20:00:00+00:00,25.958,-80.239,False
2025,Emilia Romagna Grand Prix,Italy,Imola,2025-05-18 13:00:00+00:00,44.341,11.713,False
2025,Monaco Grand Prix,Monaco,Monaco,2025-05-25 13:00:00+00:00,43.737,7.429,False
2025,Spanish Grand Prix,Spain,Barcelona,2025-06-01 13:00:00+00:00,41.569,2.259,False
2025,Canadian Grand Prix,Canada,Montréal,2025-06-15 18:00:00+00:00,45.506,-73.525,False
2025,Austrian Grand Prix,Austria,Spielberg,2025-06-29 13:00:00+00:00,47.223,14.761,False
2025,British Grand Prix,United Kingdom,Silverstone,2025-07-06 14:00:00+00:00,52.072,-1.017,True
2025,Belgian Grand Prix,Belgium,Spa-Francorchamps,2025-07-27 13:00:00+00:00,50.436,5.971,True
2025,Hungarian Grand Prix,Hungary,Budapest,2025-08-03 13:00:00+00:00,47.583,19.25,False
2025,Dutch Grand Prix,Netherlands,Zandvoort,2025-08-31 13:00:00+00:00,52.389,4.541,False
2025,Italian Grand Prix,Italy,Monza,2025-09-07 13:00:00+00:00,45.621,9.29,False
2025,Azerbaijan Grand Prix,Azerbaijan,Baku,2025-09-21 11:00:00+00:00,40.369,49.842,False
2025,Singapore Grand Prix,Singapore,Singapore,2025-10-05 12:00:00+00:00,1.291,103.859,False
2025,United States Grand Prix,United States,Austin,2025-10-19 19:00:00+00:00,30.135,-97.633,False
2025,Mexico City Grand Prix,Mexico,Mexico City,2025-10-26 20:00:00+00:00,19.402,-99.091,False
2025,São Paulo Grand Prix,Brazil,São Paulo,2025-11-09 17:00:00+00:00,-23.702,-46.698,False
2025,Las Vegas Grand Prix,United States,Las Vegas,2025-11-23 04:00:00+00:00,36.116,-115.168,False
2025,Qatar Grand Prix,Qatar,Lusail,2025-11-30 16:00:00+00:00,25.49,51.454,False
2025,Abu Dhabi Grand Prix,United Arab Emirates,Yas Marina,2025-12-07 13:00:00+00:00,24.471,54.601,False
